,_HP_LLC_MAX,_HP_LLC_MEAN,_HP_LLC_MIN,_HP_MB_MAX,_HP_MB_MEAN,_HP_MB_MIN,_LP_LLC_MAX,_LP_LLC_MEAN,_LP_LLC_MIN,_LP_MB_MAX,_LP_MB_MEAN,_LP_MB_MIN,hp_instance,lp_instance,hp_llc,lp_llc,hp_workload,lp_workload,hp_mba,lp_mba,score,socket_IDI_MISC.WB_UPGRADE,hp_core_MEM_LOAD_RETIRED.L3_HIT,hp_core_MEM_LOAD_L3_HIT_RETIRED.XSNP_HIT,hp_core_IDI_MISC.WB_UPGRADE,hp_core_IDI_MISC.WB_DOWNGRADE,hp_core_MEM_LOAD_L3_HIT_RETIRED.XSNP_HITM,lp_core_metric_L2 misses trigger SFBINV exclusive forward line,lp_core_metric_L2 misses trigger SFBINV mod line,hp_core_xnps_hit_to_miss,hp_core_MEM_LOAD_L3_HIT_RETIRED.XSNP_MISS,lp_core_MEM_LOAD_L3_HIT_RETIRED.XSNP_HITM,lp_core_MEM_LOAD_L3_HIT_RETIRED.XSNP_HIT,system_metric_L3_hit_rate_pct,lp_core_metric_L2 % of L2 evictions that are NOT allocated into L3,system_metric_CHA % cyles Fast asserted,lp_core_MEM_LOAD_L3_HIT_RETIRED.XSNP_MISS,hp_core_metric_L2 misses trigger SFBINV exclusive forward line,hp_core_metric_L2 misses trigger SFBINV mod line,hp_core_metric_L2 % of L2 evictions that are NOT allocated into L3,system_metric_memory bandwidth total (MB/sec),hp_core_metric_L2_hit_rate_pct,hp_core_metric_L3_hit_rate_pct,lp_core_metric_L2_hit_rate_pct,lp_core_metric_L3_hit_rate_pct,system_UNC_M_RPQ_OCCUPANCY,system_UNC_M_RPQ_INSERTS,system_UNC_M_WPQ_INSERTS,system_UNC_M_WPQ_OCCUPANCY,system_metric_memory WPQ write latency (ns),system_metric_memory RPQ read latency (cycle)
rdt4_5211111specjbbstream10010.sh,17808,3024.68796069,448,3194,2201.42899263,0,37968,35261.83783780001,20048,37968,31736.6051597,0,4,52,11,11,specjbb,stream,100,10,76855.37,47362613.97887811,10787816.723,6315.796161,17683402.0821,10680848.2186,145731.074482,0.0809914793926,0.0536594998157,,782.7736485410001,7623.34722709,196.473887376,74.30457365164726,96.75458706190001,0.1067662104366381,245.367281223,0.0181037879914,0.0338440277527,34.7501468005,60227.92361031054,54.2868412116,73.919166185,25.5758121922,72.5379159288,55655732215.48888,662221042.1791563,289481410.4623483,155325759995.0815,834.8862287872523,85.18702717408364
rdt4_5211111specjbbstream100100.sh,14224,1280.92269939,0,2179,1253.39852761,0,38640,37362.2380368,19936,38640,52498.5173006,0,4,52,11,11,specjbb,stream,100,100,24757.53,17959815.61177877,1500786.39604,962.531822141,1967649.82053,5951671.80185,88481.6066103,0.0683968736873,0.04778321190380001,,300.184603248,7446.29249215,201.794857074,73.88625082746711,97.4251986269,82.97324446720451,248.367428592,0.220934303061,0.152640959124,66.6295374431,93585.10471812416,53.2559187222,31.000299397,36.3637602586,75.1222032023,243858108574.685,1044367988.526179,449551107.8251666,212127977144.7198,748.8842028936659,241.8363030444848
rdt4_5211111specjbbstream10020.sh,25200,1405.64127764,0,2913.1,1624.82714988,0,38976,37024.2555283,10304,38976,47003.1997543,0,4,52,11,11,specjbb,stream,100,20,43914.38,25953416.18460721,3860190.24805,3118.31036623,5876807.24875,9408937.63767,117451.276661,0.0741999338326,0.051023467588,,540.387872871,7011.09677422,194.707351348,75.40195574245054,97.19102218629999,2.372685441565252,218.658564641,0.09257539092480001,0.0916319162305,55.6563771685,86995.73497548181,54.1735803153,47.14255131319999,28.1425540504,76.9866933366,190987177491.2023,956508784.7584492,414530899.6400942,215422222762.1151,844.1949633977656,201.9434465345176
rdt4_5211111specjbbstream10030.sh,23072,1265.25644172,0,2689.8,1290.95092025,0,38864,37256.55950919999,14560,38864,51221.3230675,0,4,52,11,11,specjbb,stream,100,30,30524.18,19742194.36058927,2089909.75838,1927.4403746,2977821.90645,7277722.155560001,95648.93897419999,0.07134055236260001,0.0500784366525,,287.018841275,7790.31606105,207.379985653,69.68232365573398,97.38658386030001,41.48162808848232,290.110120696,0.160670826002,0.130307087458,63.8993923866,92121.25097936015,56.7633075663,35.237616412,38.3455338894,70.8659902469,237096609744.8448,1030736137.364348,439072194.2405053,214507053705.0918,774.6812040673759,236.9423031882864
rdt4_5211111specjbbstream10040.sh,21840,1292.74110429,0,2707,1245.98748466,0,38752,37364.84907980001,15792,38752,51991.1241718,0,4,52,11,11,specjbb,stream,100,40,28042.25,18552613.80369943,1748091.91474,1427.37216462,2354213.64718,6735520.236,98222.265495,0.0702682791707,0.0486396716581,,280.723358894,7925.08583365,214.435270832,71.61723578650759,97.42601686100001,64.75565404045061,250.555306502,0.186256374461,0.135673360278,66.2009952686,93152.44266421099,53.51063676810001,31.7406293518,36.552136656,73.09773583479999,242712332211.9137,1043621184.277029,449244986.8407847,212835280377.5129,758.3762124344033,241.9818260753846
rdt4_5211111specjbbstream10050.sh,19376,1266.63067485,112,2775.3,1213.1007362,0,38864,37304.9325153,18032,38864,52406.11484659999,0,4,52,11,11,specjbb,stream,100,50,27481.81,18344692.20937673,1676438.47164,1344.64703652,2218137.42766,6763192.17197,89695.0407623,0.07003311812860001,0.0487574806724,,320.861156752,7858.068319499999,204.899184066,71.43975820752874,97.4266787953,72.33935746400134,295.861554622,0.192614014825,0.140341789583,67.3276476171,93793.47603935144,53.4600379609,31.5783713836,36.4686828557,72.8182231706,246014901239.2365,1045178369.31852,448107784.6257628,212684820927.9846,747.3650964256813,243.0542443708945
rdt4_521111specjbbstream10010.sh,35280,17939.0784314,4368,2661.1,352.021568627,0,26992,19780.0784314,2352,26992,10229.4308824,0,4,52,11,1,specjbb,stream,100,10,19348.24,11331090.41660883,2861449.60183,1066.84689299,4994712.05816,2423950.7038,41543.8423661,0.0567937105255,0.0404788742399,,372.758271141,12048.6150875,312.211285888,68.2767976997069,98.0125536875,18.27153538108621,233.490548444,0.019808504792,0.031535989417,28.7653073482,33718.28815856154,55.0544206508,69.263720304,34.2039810962,62.4672237859,18396978456.10351,347813288.536073,161004043.123266,45568554467.80952,553.8538522484099,53.66087459609443
rdt4_521111specjbbstream100100.sh,35728,19318.0219245,4032,2240.9,213.646894032,0,27328,18684.4920828,2352,27328,11013.9411693,0,4,52,11,1,specjbb,stream,100,100,9290.54,6347301.952857758,1433015.9795,648.634898793,2573498.1026,1402095.35164,37056.63742209999,0.0406445513152,0.0310859851748,,416.478199545,12459.1861819,351.564714684,66.01807381040467,98.1670676769,28.27273195669726,289.954231645,0.0275996422031,0.0407461903789,30.517393308,56898.26567784321,56.9742761227,64.3323643538,51.28815072899999,61.0668655783,70731400128.80658,553475797.0366309,266915478.3237802,100853172144.6668,656.2628447754822,136.74734797777
rdt4_521111specjbbstream10020.sh,35616,19042.3304774,5040,1830.3,291.332068543,0,28336,18842.4577723,2576,28336,10147.8931457,0,4,52,11,1,specjbb,stream,100,20,14575.09,9290053.96387086,2208216.88678,735.7504849430001,3993539.78791,1923755.44157,42320.1692044,0.0513117405226,0.0370421414434,,247.676685188,12065.1142352,345.759841041,68.60879931655684,98.080751653,20.32248959321024,197.483881048,0.0231839165234,0.0344701183445,28.4907984518,37060.25277636428,55.4876293424,67.60586442510001,36.3096156467,60.66682100479999,22978196897.34925,406166375.8635165,185195722.3747223,56845045062.38763,496.0732301574616,59.66316780678189
rdt4_521111specjbbstream10030.sh,35952,18003.0746634,3808,1772.3,290.116646267,0,29232,20161.9192166,2576,29232,11834.7361077,0,4,52,11,1,specjbb,stream,100,30,14200.05,8932415.143773617,2144055.55646,981.8814929560001,3886444.28097,1825210.1466,36327.7067362,0.049129638798,0.0355250797284,,285.928471156,12014.0172872,340.52767651,60.65812625233815,98.2703052785,20.55737486732128,223.138050382,0.0253783132057,0.0371958370654,28.1337775441,43116.07575321364,55.400562248,69.2485568513,38.8887171391,37.7149259327,38867188546.06746,467671672.280974,214401545.5887009,83231127542.35745,588.9054717944999,86.5170609245319
rdt4_521111specjbbstream10040.sh,35504,18773.795122,3472,1833.1,235.337439024,0,29120,19076.8780488,2240,29120,10915.8613415,0,4,52,11,1,specjbb,stream,100,40,10585.12,7443805.276535328,1596968.59667,635.902228782,3079299.07605,1519546.92167,28626.5589603,0.04222076247359999,0.031857690411,,302.005400475,13630.4588198,395.72701317,68.93044060133401,98.1378967853,24.70406444729119,295.120013217,0.0296959123069,0.0476614146003,28.668611904,48699.61936483603,54.890665727,65.4022434537,43.72909793149999,60.8544901562,55678186623.33038,516884655.7720152,241852865.0182979,92751264409.5334,617.3611067808857,115.4132811140088
rdt4_521111specjbbstream10050.sh,36064,18732.1023143,4144,1848.7,238.099390987,0,29344,19240.8087698,2576,29344,11349.9863581,0,4,52,11,1,specjbb,stream,100,50,11115.77,7645831.773306719,1753981.83109,718.0160522389999,3210439.1727,1525834.80898,32504.755867,0.04318001369219999,0.0317911372542,,257.49873684,12633.5235581,340.919898812,64.30157836367322,98.2037279847,24.9067468494764,243.018120476,0.0281487019655,0.0492700449278,28.1170944048,49049.78387961783,56.8355786709,66.98428731060001,45.86213647989999,54.0758625871,63012764533.42097,523781085.1086816,242652931.0131406,101122954649.9705,650.4012730410127,120.3036274598312
rdt4_521121specjbbstream10010.sh,32592,12678.5928659,4928,2624.6,1244.15879459,0,33040,25099.1586716,5712,33040,32245.9396064,0,4,52,11,2,specjbb,stream,100,10,72699.91,37059307.0538121,9160087.304739999,6365.94330236,15576710.3366,9394551.96701,121402.038645,0.0798510802642,0.0533227081936,,1009.10291972,7520.08068809,149.784154285,70.84676449034545,97.6828000512,0.1297773275548387,153.891743699,0.0231094148745,0.0326035250914,32.6665785812,60990.21559396702,54.6937500344,67.3396547964,25.7687838591,70.3816385319,57407556442.66054,672041075.4334543,292640347.1537188,158572001310.3513,847.0051127787656,86.38040348953949
rdt4_521121specjbbstream100100.sh,32704,9385.73742331,4256,2275.7,741.996687117,0,33936,28607.9607362,5040,33936,52359.171411,0,4,52,11,2,specjbb,stream,100,100,32903.71,16609743.25780397,3459619.15976,2596.48288562,5179648.59865,4491329.2322,60792.9728329,0.06857393908630001,0.04833794006950001,,302.509507878,9021.22618036,182.91596791,72.18447901836717,98.2936738632,82.80362599156594,195.457148413,0.146401828359,0.115807842783,37.0725914739,93153.98070410755,54.5277085838,53.12776177550001,36.0680130711,73.0118195447,239463440371.1816,1040423574.894903,446480197.4058998,211995441736.1643,749.1074831754663,238.5033276585744
rdt4_521121specjbbstream10020.sh,33040,10448.8845209,3920,1951,1044.95085995,0,34496,27430.64373459999,4816,34496,47233.0761671,0,4,52,11,2,specjbb,stream,100,20,52793.86,25839316.71491448,5908818.60035,3067.61110642,9627633.86929,7418244.8278,82491.22459580001,0.0756656165597,0.0517766049377,,471.946338,8604.73425347,165.358233641,73.45745117868861,98.1500949956,2.699229200678137,192.021554941,0.0720824737147,0.0700540246975,36.1588012821,87564.94621458072,53.8890715592,58.2706731992,28.3581202985,74.6502131307,193424255749.7195,963037858.9878432,419391324.3598944,216874042440.9492,848.7279395055377,203.6361189927732
rdt4_521121specjbbstream10030.sh,32704,9447.16564417,4256,2504,873.7938650310001,0,33936,28406.3607362,5488,33936,51371.06257669999,0,4,52,11,2,specjbb,stream,100,30,40149.12,19792675.3600455,4352238.99361,3242.94901359,6927440.1698,5486173.32643,75426.0905283,0.0720459656799,0.0497730858721,,321.894685761,8204.31051342,155.487379031,68.35210459935253,98.3042705013,41.63461251999372,189.641195452,0.108964643432,0.09487130188439999,36.1024058657,92515.32956789812,53.58583347859999,55.714950546,34.6052363319,68.9132175983,238393767464.8099,1034783772.535508,439440860.991584,215396422658.9131,765.0203853998516,236.8484421165536
rdt4_521121specjbbstream10040.sh,32816,9377.17936118,3360,2110.9,803.1217444719999,0,34384,28562.3390663,5600,34384,52824.6934889,0,4,52,11,2,specjbb,stream,100,40,36309.36,17985105.13003993,3835815.64858,3396.31111998,5904270.36785,4949688.97767,69975.5763521,0.07053207491560001,0.04884474976149999,,314.864752478,8624.44429028,159.355412668,70.231021082553,98.30408831940001,64.36541080273054,164.469081887,0.129158052893,0.105864059235,36.8507092984,94315.47152841832,53.65660132390001,53.9438603993,36.3698329014,71.01684336390001,252027454883.0241,1061176442.955574,454770931.2071242,215062274377.5901,755.9649857697354,248.7600099414325
rdt4_521121specjbbstream10050.sh,33488,9506.37837838,3808,2119.5,795.6337837839999,0,34496,28528.4914005,5152,34496,52389.6503686,0,4,52,11,2,specjbb,stream,100,50,37179.33,18267628.16480818,3968326.91587,2740.98019011,6107151.651000001,5113948.185959999,63504.816443,0.0700315891877,0.04894404574580001,,313.670275394,9061.91973578,161.84928974,69.87979344308846,98.31247103930001,72.43662467535817,178.149145674,0.120033708237,0.100274318148,37.0153751762,93411.20877827908,53.8580557431,54.46151172020001,36.8441144631,70.6894347108,243168573723.1801,1048805033.249261,449540245.2613721,213370783409.9005,753.8832988181126,241.6705325580097
rdt4_521131specjbbstream10010.sh,34832,12684.5166052,4480,2560.5,1333.38167282,0,33264,25237.0578106,3360,33264,32063.9307503,0,4,52,11,3,specjbb,stream,100,10,74004.05,39577817.90652902,9398825.75607,6331.45092977,15909831.973,9907870.07386,122791.989829,0.0803623032369,0.05277226296180001,,495.928908791,7948.51878116,178.667866577,71.84435392977309,97.27779386899999,0.1246089053343399,254.884742753,0.0210434707805,0.0328517862731,33.5756058523,60965.82873950974,55.3447626427,67.888140409,25.7269253957,71.4558787595,57171641348.00957,668855197.5431535,293275291.4513094,158389714213.1678,842.7447512572894,86.26849109896963
rdt4_521131specjbbstream100100.sh,29680,8921.1990172,4144,1807.3,823.8479115480001,0,34160,29118.0737101,7728,34160,52997.9208845,0,4,52,11,3,specjbb,stream,100,100,33407.84,17009389.99062558,3246380.34493,1625.00890746,4944093.68185,4971339.34968,57688.80375599999,0.06987822837119999,0.04850052109899999,,249.182812004,8161.15102322,166.291374131,72.31497693447453,98.2115722093,82.66783056681146,215.249846638,0.145696068352,0.113082981445,39.9770504924,94522.75084450805,52.83532153220001,48.7801458941,35.9374583211,73.3978987552,252492480684.3667,1057710235.623152,452345217.7808303,213645055992.5341,747.957360524884,247.6074228115983
rdt4_521131specjbbstream10020.sh,30128,9413.22850123,3808,2571.4,1138.91044226,0,34496,28459.4201474,7056,34496,47079.596683,0,4,52,11,3,specjbb,stream,100,20,54174.07,26307794.69416809,5845412.77474,5892.04052924,9357386.74818,7997482.856769999,98484.2053055,0.0749536657837,0.0516746121465,,426.417723384,7394.70516724,148.386679123,73.53957962878172,98.0214180081,2.71787175710859,211.542878227,0.06673936102559999,0.06439622668959999,38.1919636974,87572.90822220487,53.5172755674,55.5306405474,28.3266746659,75.2082577188,194194808421.4832,963758732.355056,420765801.2330043,216889423527.1341,851.440553660118,204.4521778028092
rdt4_521131specjbbstream10030.sh,31248,8957.52334152,4032,2085.6,902.660687961,0,34944,29062.7616708,6160,34944,51885.872113,0,4,52,11,3,specjbb,stream,100,30,39252.57,19303310.21694795,4064533.30665,1786.62176671,6201839.368559999,5662490.41585,60952.38384349999,0.0726184171866,0.0498517666663,,323.873774268,8564.1883951,177.190980686,68.23522766434735,98.20768003149999,40.57122903042493,223.829968994,0.11517382139,0.100228513798,38.5779773249,93407.45693976166,53.300689029,52.5053361714,35.4545964336,68.9355342252,247350434107.1081,1046594422.84027,445266491.0687165,216580884027.4839,766.4147874815166,243.8338533460211
rdt4_521131specjbbstream10040.sh,31136,8605.28746929,3584,2144.4,823.3414004910001,0,35168,29454.6240786,8176,35168,52300.0287469,0,4,52,11,3,specjbb,stream,100,40,35286.48,17771943.4421461,3550762.08695,2710.24165896,5412287.77343,5201476.975319999,61483.73230680001,0.070387048858,0.0486440497231,,368.956997546,8735.56293063,154.482648711,70.30736171584094,98.2108955804,64.53201543452559,237.093409621,0.128482750326,0.104022486695,39.2132279882,93473.54798676027,53.71159914859999,50.1574772326,36.2487400308,71.40822846430001,245068245513.5996,1044724089.939994,448185224.6203269,213820185786.8784,752.7477511528267,243.0811377026133
rdt4_521131specjbbstream10050.sh,31248,8758.67484663,3136,2372.3,841.5168098160001,0,34496,29304.4220859,6608,34496,52106.4289571,0,4,52,11,3,specjbb,stream,100,50,34868.56,17340202.68688883,3409486.14052,2188.87070979,5209295.934169999,5028776.97254,64160.8560684,0.07099803643239999,0.0487590204378,,271.089087539,7763.96885655,145.773359027,70.15939708031793,98.2171799299,72.55730975325156,188.921877922,0.13469375871,0.109057877457,39.1389181616,93139.22260028328,54.0344167192,50.3094482947,36.424851947,71.0280808049,241633188068.4542,1045234859.176006,447696863.4015477,213446506147.0239,755.7655648127002,240.3285635265729
rdt4_521141specjbbstream10010.sh,30576,10991.2539877,2912,2315.2,1469.15521472,0,34272,26988.8392638,8288,34272,31927.2328834,0,4,52,11,4,specjbb,stream,100,10,77559.07,43395499.76473855,10205369.2172,6867.63671637,17160985.8263,10005910.4894,128042.978298,0.080826736954,0.05355390287340001,,603.279923965,7848.60301428,189.400871926,72.67435005192594,97.1159241493,0.115845899210335,239.150057004,0.0189847253897,0.0323430005031,32.5293545778,60828.97315665516,54.6099776901,70.0235883143,25.8267075371,71.801820221,57506644865.06992,667494058.736717,296460242.3212162,159389522261.5661,844.5615243415433,87.0469915014858
rdt4_521141specjbbstream100100.sh,28336,7940.18159509,4144,1993.7,843.97803681,0,34496,30164.4171779,10304,34496,52153.4633129,0,4,52,11,4,specjbb,stream,100,100,32378.15,17157464.31650379,2962506.7954,2238.544649,4402140.44096,5020029.83191,55089.8077294,0.0696067076812,0.0486839165228,,353.087330679,8300.04565911,167.866426497,72.55135948991385,98.05633097559999,82.91581935788861,262.90048908,0.15234292384,0.118480474327,42.1509127433,93312.16457574363,52.9471310011,46.1417542234,36.0215455894,73.7847460885,242376975406.0485,1041866460.658648,449542034.2482749,212647395775.3547,749.0296787367461,241.1195877923028
rdt4_521141specjbbstream10020.sh,30688,9017.37592138,4032,2485.7,1189.09226044,0,33936,28906.7321867,8400,33936,47185.9923833,0,4,52,11,4,specjbb,stream,100,20,51995.49,26209788.92668132,5433823.04269,3398.69778169,8563436.06265,7875814.0158,73944.6669513,0.0751998241687,0.0516193374487,,443.393884703,7793.65297838,155.338936337,74.23158862425716,97.81311296290001,3.16227716275174,197.476833415,0.0714015694403,0.0695182803835,39.4759144753,87346.96751082948,53.5356551779,54.0257955243,28.1995323034,75.581573995,194422408813.2082,960471406.3219873,422242993.1398728,217210771423.2389,850.5909497602223,205.5732870862996
rdt4_521141specjbbstream10030.sh,30016,8090.004914,4032,2471.9,985.633538084,0,33936,29936.4717445,8624,33936,51021.5847666,0,4,52,11,4,specjbb,stream,100,30,39506.16,19924116.17160904,3911936.84292,3476.558095800001,5817885.42467,6102939.51677,70072.8604082,0.0726781806648,0.0504694250103,,407.45286461,8514.56435469,171.733688988,68.54903059591234,98.03585370879999,42.10579257309431,242.620987831,0.109158574953,0.0941024312723,41.26915986260001,92129.71047635023,53.3760139964,49.3461027442,35.086685865,69.64054072100001,237192440563.2774,1032757229.12277,440708518.7888818,215831517775.1856,767.794707310049,237.2890316770234
rdt4_521141specjbbstream10040.sh,27552,7943.89202454,3136,2396.8,893.3552147239999,0,33936,30170.0515337,10416,33936,52723.5309202,0,4,52,11,4,specjbb,stream,100,40,34996.85,18076081.39383096,3267890.09601,2014.12550457,4893174.35669,5307199.35378,56254.99748509999,0.07046763072710001,0.0489814611707,,292.213488204,8084.62576452,155.857711885,70.80330183564651,98.06474280110001,64.31687034297332,233.376668325,0.136817302349,0.109549870709,41.3544265799,93931.59741162146,53.4267019037,47.9294490891,36.1519354987,71.7547679965,249706775520.479,1052575008.274907,451639898.6065421,214925585189.1516,752.094438306061,246.6482751452341
rdt4_521141specjbbstream10050.sh,28336,7906.86977887,3584,1979.7,895.294840295,0,34496,30188.26535629999,10416,34496,52431.2885749,0,4,52,11,4,specjbb,stream,100,50,34528.71,17980351.52558517,3249888.27635,2287.25635176,4842173.85429,5323053.84963,53217.1363582,0.07050907275610001,0.0492155778988,,335.644196239,7993.97696834,158.558292352,70.55090422425451,98.0611953808,72.45022888032305,225.593829304,0.139827014393,0.111973592219,41.6883847121,93715.93171879623,53.6147014097,47.4227156144,36.2302286563,71.5687612251,247383860782.4801,1052437556.978288,453447151.4627954,213942266569.5739,758.5655304576068,245.4902850105247
rdt12_4411111specjbbstream10010.sh,18704,8382.25061425,1008,10687.4,6292.97346437,0,38080,29841.3955774,20384,38080,27489.8153563,0,12,44,11,11,specjbb,stream,100,10,284419.84,136851584.5987286,12637483.3928,11950.7414998,21251559.7847,12088303.1568,156707.07875,0.0830523909684,0.0553845817243,,884.19553875,5910.38995485,137.304250747,76.22334412066624,96.97361270110001,0.001019018808990067,155.141950209,0.0145524990458,0.0309763997056,33.6953611873,58288.66057527625,53.9128457671,75.2460057336,25.6366394878,72.2097594879,49049237032.3774,639634362.6604147,286124524.147723,138081743884.9701,757.5696499267655,77.39941861175916
rdt12_4411111specjbbstream100100.sh,16240,3072.17647059,448,6751.7,3449.34105392,0,38416,35574.41176469999,21952,38416,50794.72107840001,0,12,44,11,11,specjbb,stream,100,100,98864.55,29592347.61102895,2181328.3697,2706.83755476,2875920.58857,7401492.20532,78278.165779,0.054556899597,0.03811845928050001,,258.461784936,6339.47503233,140.496126215,69.22972101262303,97.60273512799999,80.93355709152962,232.050135411,0.149954189928,0.1366192474,64.6835620938,93906.09665546025,51.2734812517,37.1085489281,37.3824314753,75.4355577253,246151169978.2932,1055676556.256172,449609264.6190676,213888319826.5551,760.2097191513152,243.0287191246572
rdt12_4411111specjbbstream10020.sh,14224,5115.81326781,560,8953,6384.43366093,0,38528,33271.1547912,22624,38528,40741.4514742,0,12,44,11,11,specjbb,stream,100,20,216547.96,87914320.31357141,8599116.191310002,8694.17695346,12750701.9126,11656776.4358,128075.668913,0.0704529681525,0.047647663547,,644.0332401630001,6188.21008172,146.057217706,72.79373660652523,97.3257223944,0.1318604117182067,206.770361799,0.0390674168033,0.0613042271693,43.86522704430001,81042.14591139273,52.6978123709,63.9595284793,28.0844014952,76.0998523758,148487687035.2819,892451623.2120851,388509547.3646021,212250606649.3572,903.5584012925793,168.7754001612587
rdt12_4411111specjbbstream10030.sh,13216,3904.74601227,448,8408.3,4338.0998773,0,38528,34762.4638037,24864,38528,48952.2471166,0,12,44,11,11,specjbb,stream,100,30,125849.63,40751933.38525613,3398122.10737,4301.31132833,4914269.82137,8852344.95835,95735.77236799999,0.06021643187999999,0.0417388061203,,416.633886553,6503.81349424,175.26870502,65.2278837012852,97.66531037370001,28.59239145202372,221.959391437,0.100068103218,0.100399544473,58.6001176044,92081.22262900214,51.70867631189999,44.5704899215,36.9678895893,69.24299413140001,235209469171.1388,1037020345.033326,441925875.6941705,216348137951.1133,786.1570525998145,236.1209985556719
rdt12_4411111specjbbstream10040.sh,11984,3030.45889571,224,8016.8,3960.74858896,0,38528,35669.4576687,28224,38528,50439.4752147,0,12,44,11,11,specjbb,stream,100,40,109389.34,32835016.86911602,2554169.91491,3737.4350765,3455494.58424,8266162.53822,87632.02637230001,0.0566213883538,0.0391780909764,,269.071554375,7192.55996616,155.227832728,68.20075880315119,97.60592580069999,57.51989172368287,202.901511014,0.124669043595,0.123443709387,64.3008843793,93517.40002274676,51.6532702712,37.801774844,36.6470113305,74.333557727,246229837457.102,1052557975.573226,448656532.071603,214380501660.6055,763.6591445021187,243.8523099208435
rdt12_4411111specjbbstream10050.sh,16464,3248.54969325,336,7419.1,3770.35312883,0,38640,35597.0355828,21504,38640,49975.8123926,0,12,44,11,11,specjbb,stream,100,50,106485.92,31527390.26556188,2441527.41972,4315.93680198,3292949.19357,8101571.848230001,93538.88447610001,0.05639177536619999,0.0393930436168,,312.256526968,5779.88439328,122.999613944,67.520659598943,97.6404499812,67.58967108208724,175.637687948,0.126752449625,0.119990876989,64.4219084596,92873.28837234461,51.3969618691,37.5438538702,37.2966478763,73.7483719235,238232929256.5824,1043665769.043682,444981905.4813632,213044060708.9033,762.2183500910587,237.3499992098788
rdt12_441111specjbbstream10010.sh,35392,29875.130762,5824,5036.1,2119.04778928,0,25648,5336.2784572,2240,25648,17008.178269,0,12,44,11,1,specjbb,stream,100,10,194510.11,74590326.88964535,7421020.169310001,7641.51044701,12026516.5729,5691403.29565,152323.986097,0.0144197694031,0.00972620009858,,729.47269013,5998.7233724,138.127827816,74.27705418261839,97.9796658825,2.192597586483528,128.279514849,0.00780153136362,0.0183559468241,29.0879076184,38218.20640475051,54.0653481343,75.8684086529,24.7046268848,69.48363382560001,22842540241.38033,419967476.8656804,192347848.9923262,47851550193.95416,440.2675382595464,54.73147427728717
rdt12_441111specjbbstream100100.sh,35504,26475.4565483,10528,3726,623.424847001,0,20832,10733.0820073,2688,20832,10285.0373317,0,12,44,11,1,specjbb,stream,100,100,33553.08,15928818.17538051,1489145.26721,2368.54909427,2459066.9974,1631300.1411,97086.6906058,0.0398011115966,0.0300108588416,,361.733622939,10710.5039956,301.264871978,65.66681080054288,98.17500086780001,26.43712295671628,217.55803752,0.0487567776038,0.0837467634077,34.1942626223,41067.70557227256,53.5667915326,64.8216797829,50.3353481574,62.37227677,43745921727.59908,435310948.576486,210538101.5202912,67626363924.54501,615.4346301503333,110.8840433574147
rdt12_441111specjbbstream10020.sh,35728,26905.3921569,11536,5035.6,930.6285539219999,0,20832,10042.9411765,2128,20832,10240.5127451,0,12,44,11,1,specjbb,stream,100,20,53646.26,25326471.91133619,2317480.10868,3485.05929405,3985638.94859,2397876.92006,85466.4771335,0.0509503670314,0.03561491275230001,,503.762226641,10974.428317,304.38514089,68.09385085072402,98.0204372137,21.51871743240649,250.203288089,0.034612647207,0.0550754552778,32.6390463984,33282.78259098296,53.4456049911,67.3228039974,34.16833122969999,62.4581608717,22223650710.95141,382623512.4248711,166854940.140606,51992565824.93691,479.5520811713466,57.49928757528446
rdt12_441111specjbbstream10030.sh,36064,25774,7840,4776.8,875.664093137,0,23408,11381.8627451,2800,23408,11617.4828431,0,12,44,11,1,specjbb,stream,100,30,52704.45,25687335.40985221,2430472.02353,2080.0780725,4072057.33961,2251597.22323,72854.711341,0.04905075544530001,0.0351769087646,,458.114937879,11342.8270951,339.884363715,59.73504083247426,98.19991849700001,17.70943009032693,265.273641192,0.0382679491637,0.078645044727,31.2389231398,37194.55440757691,54.0569531903,70.1835442175,38.2281127574,36.00572024989999,28154315057.57295,412510277.9930168,199597096.537668,67133667805.17117,534.1273532625754,68.67437592500822
rdt12_441111specjbbstream10040.sh,35616,25585.2141983,8736,4393.4,701.944553244,0,22064,11339.6915545,2240,22064,10112.9086903,0,12,44,11,1,specjbb,stream,100,40,38042.28,17998343.76044928,1716223.14408,2341.77846505,2789257.9654,1780702.10443,68702.1616322,0.04326904003050001,0.0317800177218,,408.798336605,11794.2223347,341.331718416,66.37598672062363,98.11539593459999,22.18279728928764,252.956989675,0.0375406961901,0.06370258496619999,33.5343435021,38961.99122483721,54.6318616117,65.6074871928,43.6245292472,62.34126724270001,36259219031.89675,411402459.8965637,201829104.8019066,68091418280.0606,595.1941934827637,92.06447642852548
rdt12_441111specjbbstream10050.sh,35168,25666.9179927,11088,4250.3,682.806119951,0,22848,11470.8837209,2464,22848,10698.0915545,0,12,44,11,1,specjbb,stream,100,50,38943.79,18547948.62660893,1692885.44057,3263.91736412,2896044.27413,1749563.8477,75561.4656908,0.0434468232706,0.0315789992476,,390.803184734,11074.7068186,340.443199018,63.8413819898981,98.22765599280001,22.33116438153085,247.338406112,0.0398659101174,0.07040205632119999,32.5010503895,40764.83993797933,53.05535707470001,66.5561509509,46.3445294401,53.6364662662,44256678406.99297,443458357.0269044,204910577.209171,79510689341.07425,605.1898784953621,102.8392315282242
rdt12_441121specjbbstream10010.sh,31920,23036.9570552,9184,5675,3622.81828221,0,28784,14023.0871166,4704,28784,27400.2334969,0,12,44,11,2,specjbb,stream,100,10,219790.71,95108753.11795887,9332524.07375,8078.92130281,14988527.4197,9120772.14434,178839.847134,0.07660831532370001,0.0511610176076,,969.7432059189999,7832.32761941,160.086018152,69.86986483540653,97.59103765469999,0.09277938164256493,173.146039637,0.0258241255841,0.0411725552919,32.7100160957,57282.58307089259,54.067746959,68.0294979645,25.7625265148,70.2101857993,46787651328.53638,630881388.3714223,279335572.1383053,131007588665.4887,730.1076030352525,75.13382661926941
rdt12_441121specjbbstream100100.sh,33152,5096.75088972,0,3891.6,65.9408804956,0,35504,33487.33970020001,0,35504,54857.1069177,0,12,44,11,2,specjbb,stream,100,100,116342.85,40182639.86694827,3795606.25316,4341.30000731,5728984.92992,5388392.31178,102361.2912,0.0555545255948,0.0391643813433,,380.477047179,7997.52618681,133.632079754,69.75688415554096,98.3369260356,80.52591203744895,227.244675071,0.11148325751,0.123382277104,38.7285539083,93355.35098268256,52.3049019099,53.1509552662,37.7260182287,73.5440386861,241916585272.6914,1048720255.499566,456600352.2472897,214085666331.0232,756.6013457519783,240.012295845837
rdt12_441121specjbbstream10020.sh,33264,20103.2441718,7392,5244.1,3236.11398773,0,30128,17011.6319018,5040,30128,40597.1304294,0,12,44,11,2,specjbb,stream,100,20,175152.44,66336673.09961026,6658908.51621,7909.258048299999,10100771.6096,7817420.59563,159500.925993,0.0650228281611,0.0441643023591,,753.8947113139999,8015.698044,156.835483703,70.34601841450119,98.1519546049,0.1951171984536519,169.528566424,0.0564406855691,0.066434990399,36.23837952,80097.66806834016,53.9911514294,60.09770540270001,27.949823729,74.2539529947,139612422613.7325,878482034.4949057,383916159.1792002,211332765727.1791,899.5282956678403,161.5605321083598
rdt12_441121specjbbstream10030.sh,33488,17842.0392157,6496,5116.6,2444.31617647,0,32480,19491.7058824,4816,32480,49880.17818630001,0,12,44,11,2,specjbb,stream,100,30,124432.23,44484367.47438715,4367366.57416,7343.25540638,6523197.2948,5558085.59613,129276.757815,0.0585823439151,0.0403828962521,,531.726689728,8142.95487132,160.097403584,65.27777166560452,98.3847572809,25.38365632763154,223.482090238,0.102777641131,0.09497862899599999,37.1511267185,93122.7418547641,53.1839583233,56.0283589337,36.7484606129,66.9353657328,241176119749.0941,1051290932.846443,448861816.5045252,216703266240.2036,780.9826722750662,239.8594153689182
rdt12_441121specjbbstream10040.sh,33152,17785.4901961,7392,4341.5,2172.11311275,0,31248,19593,4928,31248,50755.26948530001,0,12,44,11,2,specjbb,stream,100,40,107864.71,37328626.67608267,3654974.24629,5800.20223308,5260452.03684,5026417.81998,117711.340789,0.05360020265549999,0.0373186333653,,473.81537135,8196.7672467,153.738640569,69.23542792812043,98.3485416916,55.89214199473646,251.624515738,0.116590859212,0.112008376889,39.0652413718,93818.54934458957,53.43174115430001,53.4849331429,37.0968433278,72.4918607878,248080095699.0298,1057131767.941582,454843174.7465344,215081727473.2498,754.6939543412857,245.5574296421379
rdt12_441121specjbbstream10050.sh,32704,17431.372549,6048,4344.2,2240.66715686,0,30016,19906.627451,5488,30016,50514.8759804,0,12,44,11,2,specjbb,stream,100,50,110336.5,39059273.16961905,3803374.601019999,4362.7856065,5566356.64975,5053827.1042,111804.382916,0.0554651754141,0.03879824559240001,,376.742060984,7999.82876283,140.02863704,68.15211804247744,98.350018439,66.13535400411692,235.651355286,0.118863798842,0.109243694412,38.091043781,93200.08289362851,52.5978032322,53.3740004346,37.7705784668,71.6587928922,241315312219.5613,1048655375.468176,447231059.6763159,212692438938.6323,755.2495742738512,239.4020099923748
rdt12_441131specjbbstream10010.sh,30240,20999.6555966,9296,6688.1,4539.63702337,0,29008,16031.704797,7728,29008,27776.7617466,0,12,44,11,3,specjbb,stream,100,10,268012.03,117946538.191517,11250750.0614,13139.1385612,18575534.0296,10536777.1267,138940.411714,0.0814862093691,0.0540569068958,,838.6743569460001,5934.87563451,121.764273169,72.69522769144696,97.3413382228,0.002588177399130021,154.679120006,0.0184649600114,0.0342238933182,31.6547627502,58785.03597457745,53.4496788979,71.0701105094,25.8729678509,71.2390039029,51141429104.7923,647946296.3134036,287564137.8081269,141862929932.4154,771.2139012615927,79.88029078263466
rdt12_441131specjbbstream100100.sh,31472,16033.4742015,6160,4314.2,2450.23439803,0,32480,21519.2727273,6720,32480,50596.5366093,0,12,44,11,3,specjbb,stream,100,100,110731.71,36375852.04266345,3366530.90829,4321.36237773,4991781.19969,5570805.07338,80034.0642671,0.05551873064130001,0.0389372759517,,376.3603901130001,6371.80129427,112.12827751,69.35808106169061,98.2733060508,80.71946589034799,217.108631703,0.114131368837,0.0991794757794,41.4131243083,93082.37731970764,51.8011857825,49.18026907319999,37.3010230963,73.9014522941,241880770103.7111,1046858964.374444,451506282.2677981,213741439710.4427,759.1956049251114,240.5206458267079
rdt12_441131specjbbstream10020.sh,29792,19415.9017199,7504,6624.6,3848.95110565,0,30352,17852.8550369,7728,30352,40783.5431204,0,12,44,11,3,specjbb,stream,100,20,205181.12,77007081.97062255,7450131.8663,8815.65300672,11726711.1222,9075419.68978,108659.795006,0.0693606637884,0.0473325981224,,712.721650373,6995.65002298,142.905053558,70.96062569397338,98.01399870620001,0.1175270867842209,188.754526314,0.04904255610349999,0.0622643576281,36.1127866552,81488.74535462393,53.2165817471,59.69449532359999,28.0101923346,74.9657112236,151830417506.4421,895065172.3090197,388564541.9741535,213779466342.1038,897.3315667688119,171.1838422519276
rdt12_441131specjbbstream10030.sh,29904,16180.1474201,7056,5964.2,2805.86412776,0,31696,21347.6953317,8064,31696,49260.9818182,0,12,44,11,3,specjbb,stream,100,30,133613.57,45537558.61117145,4400195.9639,3888.70069203,6584142.15679,6157134.87734,70354.4128694,0.0598092745366,0.041423069527,,356.696624164,6823.54299775,125.306007296,64.50621591798284,98.29981888120001,27.70821554547977,211.564734656,0.09111770340330001,0.0947287458978,38.2501816106,92394.6075952199,51.83161186180001,53.2291769649,37.199425171,67.47568442810001,237160567087.4028,1039315517.340038,441755778.9716581,217553485630.6034,787.7980095042595,236.9643674973547
rdt12_441131specjbbstream10040.sh,31808,15598.5454545,7392,5261.6,2624.33624079,0,31472,21965.7592138,7168,31472,50672.858231,0,12,44,11,3,specjbb,stream,100,40,121027.79,39767760.35140012,3750682.13346,3490.021384000001,5553302.35287,5846334.74127,66350.86076669999,0.0568542781844,0.0399183278238,,289.513183172,6569.611583,109.950680644,69.3763016424639,98.2661126051,57.05219803534878,192.778781713,0.114504693034,0.109865945235,40.3058179704,94056.64935067674,52.0326992661,50.5340672321,36.6338923113,72.7887397753,251129700751.9005,1058584770.161474,452264288.7605681,215942824719.6331,756.3631726462403,246.9431521447636
rdt12_441131specjbbstream10050.sh,31360,15723.2039312,7952,5433.3,2580.89963145,0,30688,21813.5823096,7392,30688,49937.5083538,0,12,44,11,3,specjbb,stream,100,50,119848.42,38599906.98755697,3778630.22692,4007.83135648,5376276.10451,5720732.26076,70699.9473022,0.056964163902,0.0397954342989,,339.846130768,6479.01662605,102.82527073,67.86488248513996,98.27062927690001,67.41296570069886,194.832393938,0.109261544912,0.104374755469,40.7498659563,92711.83612858664,52.664465796,50.81646362350001,37.3046685083,72.1668783399,238676702496.289,1043107483.54576,446499246.8827832,214086229400.8823,760.7549990882477,237.8950836344765
rdt12_441141specjbbstream10010.sh,29344,19734.2899263,8400,7266,4810.37788698,0,30352,17527.8624079,8960,30352,27406.9486486,0,12,44,11,4,specjbb,stream,100,10,281373.34,128418012.2212456,12478499.142,10017.1003286,20162581.903,10866460.1448,125989.315316,0.0818051360835,0.0542091757639,,908.775563424,6669.44648553,139.733107788,73.78913391383402,97.191527522,0.001145523048767891,171.753692876,0.0167685976831,0.0340090347439,31.1786850929,58558.13024265121,53.3280505606,73.3725310891,25.8045076252,71.6987313612,50423055425.31045,643642492.0362762,287312051.6342182,140963681773.1717,759.2657833425047,79.33268035760402
rdt12_441141specjbbstream100100.sh,28336,13906.8501229,6384,4894.1,2613.14152334,0,32592,23801.1007371,10752,32592,50826.7724816,0,12,44,11,4,specjbb,stream,100,100,108855.07,34424463.5223171,3125143.35245,4409.55504126,4493633.56231,5605697.58537,76235.3516502,0.0558079803747,0.0392482015749,,345.231923878,6538.73007864,112.823069067,69.1437335228905,98.16462855729999,80.60959163008816,221.876454786,0.129740202647,0.1211342195,43.1192517738,94051.17533598322,50.4015285349,45.69697333640001,37.1285276868,74.21229967640001,250295708574.7155,1061778661.3136,453682565.3859418,214824076079.481,755.6449511111293,246.7106580018912
rdt12_441141specjbbstream10020.sh,26768,17367.017199,7392,7105,4152.77751843,0,31248,20129.7297297,9856,31248,40823.01916459999,0,12,44,11,4,specjbb,stream,100,20,202146.69,77172467.42007074,7330440.49522,7344.38238066,11537636.3463,9130200.252489999,107366.76791,0.06860553204219999,0.047055455389,,621.944238054,5780.15984885,128.630370727,71.31546418539013,97.81168796729999,0.1385703092111501,178.55467409,0.0455437557247,0.0616064675631,36.5293141524,81574.07342726472,52.9972351865,59.76126417899999,27.8768732666,75.3876215946,151719008218.7716,893140416.7080108,390844076.9905828,213699828879.6977,896.4108257828364,171.439598635004
rdt12_441141specjbbstream10030.sh,26656,14804.6388206,6608,6316.2,2927.102457,0,31584,22889.965602,11536,31584,49057.4608108,0,12,44,11,4,specjbb,stream,100,30,129460.19,43146867.97956332,4070481.70758,3781.21074765,5999759.01347,6282305.63934,73816.906853,0.0599524788091,0.0415999264631,,353.193742083,6456.7294617,127.438934245,64.88315569367666,98.1579457559,28.49464503502408,222.538393417,0.0968747810209,0.09728028578980001,40.4521447008,91903.17207597953,51.3355897654,50.7693290107,36.9056695352,68.0187750263,234653928007.149,1034671916.382204,444102163.1255671,217306312952.0887,787.4579013674338,236.7084383533981
rdt12_441141specjbbstream10040.sh,25984,14374.1130221,6272,5228.1,2671.20515971,0,31360,23272.1965602,11872,31360,50762.7624079,0,12,44,11,4,specjbb,stream,100,40,114780.32,36831908.63782848,3365607.48032,3583.37240313,4899108.99803,5788974.82751,76872.8608375,0.05632978898400001,0.03934362082240001,,295.663665147,6932.87519519,124.516674074,68.37139112224861,98.1642512107,56.78500361685389,177.16380617,0.113231483454,0.109326978576,42.0176983504,94016.44671043212,56.0327728482,47.2341846654,36.791362569,73.280865142,251972396749.8776,1058419507.026255,452685624.3812021,216332029004.528,762.1412331907352,248.2669145987944
rdt12_441141specjbbstream10050.sh,27104,14507.4398034,6048,5316.3,2694.38353808,0,32256,23105.2972973,11760,32256,50205.13525799999,0,12,44,11,4,specjbb,stream,100,50,112202.92,36065923.90583877,3347226.30899,4369.26566205,4769204.02215,5617164.96791,79356.8335479,0.0561889980522,0.0390368326379,,366.791820025,6762.74203432,125.796577518,67.88237896196732,98.15451810729999,67.34350670008887,218.275185045,0.119502040812,0.105866437342,41.9549086401,92934.08393797516,51.0554773078,47.2826319556,37.1514566802,72.4655805584,241416348715.005,1049541817.664092,448745244.7970181,214447969232.8904,767.6837731309188,240.8625144738756
rdt24_3211111specjbbstream10010.sh,24640,15543.872705,896,20249.5,12426.6282742,0,37408,22377.380661,13552,37408,20166.4891065,0,24,32,11,11,specjbb,stream,100,10,563991.37,237358875.4543156,12629024.6243,14155.3161036,19219994.7119,12849034.0186,184444.521392,0.0869632408887,0.058304405123,,1381.38246225,5719.70536431,123.749367594,73.18852001375839,96.99499686700001,0.00597713832503455,84.7002924821,0.0193256826883,0.0359607380631,37.0139513539,55619.39266554543,54.1250957968,72.2325372514,25.9778273308,71.9487286744,42568151291.80354,613439757.4682412,274576388.856839,114524467649.8017,649.1459219821422,70.29841787902075
rdt24_3211111specjbbstream100100.sh,28896,5987.14529915,1008,13074,7446.49181929,0,37856,32665.8461538,10416,37856,47282.5982906,0,24,32,11,11,specjbb,stream,100,100,222991.86,54294192.67513184,2825972.32456,3925.18338711,3698246.8215,7708092.40652,92594.1093758,0.0385619876746,0.026861664224,,330.232413258,6623.53713539,148.495325192,65.98210026982329,97.8400590168,71.4740871280858,143.906372667,0.120876585848,0.118485900948,61.6628739292,92868.93170991527,53.6429570489,41.9803529243,41.5320944397,76.03441575020001,236466612003.1572,1051045830.486605,440948076.4496797,211471524738.1645,767.4509925407153,234.5159292242212
rdt24_3211111specjbbstream10020.sh,21280,11017.2631579,896,18156.9,13076.2926561,0,37632,27396.9547124,11648,37632,30037.6511628,0,24,32,11,11,specjbb,stream,100,20,489029.52,184844014.4204988,9761843.4874,10819.8617995,14707660.4208,13150994.9214,158814.972166,0.0672837119797,0.04534464276319999,,833.377541795,5605.78479621,121.072300101,70.51947872397083,97.35218695399999,0.002140845631409868,99.9584842026,0.0315990236781,0.0509661606758,43.4785997554,72493.09876994518,53.2654547786,64.4484293352,27.7238984444,75.0514794534,100531923085.79,801842897.2547165,344063290.5369484,199865339494.4961,945.6300745943381,127.4765352508804
rdt24_3211111specjbbstream10030.sh,21504,8109.59413203,784,14728.2,9883.73826406,0,38528,30560.1173594,17584,38528,42537.2370416,0,24,32,11,11,specjbb,stream,100,30,332364.61,99110271.20084122,5452733.66341,6416.08478114,7560762.13415,10493676.9945,99481.21913330001,0.05086544776309999,0.034982628061,,546.4529296569999,5868.2925547,119.132929193,59.1680968871143,97.8768494379,3.757293273843988,107.535611107,0.0633164411744,0.0770471819208,53.67256103899999,89466.54515775591,53.7773559854,53.2954384489,40.2083650731,61.79928066479999,205527330693.2394,1007598299.879857,427043599.3102202,215649982377.2419,825.9918213109622,210.8111346326655
rdt24_3211111specjbbstream10040.sh,20720,6134.29059829,336,14015.8,7723.74175824,0,38752,32464.5470085,16688,38752,47091.4355311,0,24,32,11,11,specjbb,stream,100,40,241619.16,61169379.85957,3125196.27163,3628.3396939,4252254.54912,8107315.52233,92744.6637757,0.039211724846,0.0273123587078,,266.950845444,5751.08339827,117.556930077,65.45907612856897,97.78851407270001,36.97716109732254,129.41480316,0.106423058876,0.108364131528,60.0198064906,93482.14063435313,53.888043239,43.6302282408,38.9217032725,75.87380707199999,243887096935.5659,1056656314.796059,449145428.984005,215309933804.3896,772.3296676441811,241.2547492752744
rdt24_3211111specjbbstream10050.sh,22064,6310.01709402,784,12762.3,7605.896825399999,0,38304,32465.0940171,16688,38304,47076.99120880001,0,24,32,11,11,specjbb,stream,100,50,235320.71,59461374.34192833,3102219.26518,5248.23830819,4137661.36142,7976329.62539,98810.8414335,0.0382219782916,0.0268213237725,,413.759102153,5673.69708265,121.992610989,66.37473318670575,97.84217064399999,48.60843596717135,118.118723179,0.10333960779,0.105511893035,60.2285996148,93175.33843797256,53.2769497136,43.5947525482,40.38176579949999,74.5120160554,240045566351.4742,1053713065.192261,439759514.3955159,213081679681.0217,766.3609496678557,236.6992299384318
rdt24_321111specjbbstream10010.sh,36064,31644.3182375,10528,10768.2,4419.23476132,0,24192,4748.96450428,2240,24192,11427.0062424,0,24,32,11,1,specjbb,stream,100,10,260137.91,108207625.2417956,5472247.11169,4528.61010778,8872126.6455,5530365.71861,78731.9098813,0.0674722661574,0.0470846693669,,628.756396376,7730.65478163,156.848647713,68.86747849015666,97.84367536100001,20.06799247738818,144.228350989,0.0256592450568,0.0372082982667,33.4028597125,35314.94884530537,55.7907951561,68.1229765436,31.2293515448,66.4263005538,20687824933.6346,381716122.4441075,166664176.1372534,45494615603.48186,445.8857853185011,55.13585378341057
rdt24_321111specjbbstream100100.sh,35728,31216.23471879999,16016,5470.5,1690.900978,0,14112,5416.93887531,2240,14112,9129.07298289,0,24,32,11,1,specjbb,stream,100,100,92051.88,35686396.65304527,1931600.97509,1333.88194162,2883418.52835,2140156.81858,27876.6131598,0.0410886165202,0.0308040951889,,284.436604876,7085.56579427,145.050209527,65.25763314097006,98.2152268647,25.35760709244729,145.43686688,0.0504355092425,0.0682754031946,36.4649089185,30953.82222635873,55.692051997,63.5898182569,50.4104424659,63.9718170742,28956460933.98089,326959426.0733817,157932918.1568733,56500200532.02305,585.1558965445408,85.19656457311373
rdt24_321111specjbbstream10020.sh,36064,31485.6919315,23072,9107.4,3087.28312958,0,13776,4962.22982885,2464,13776,10375.4355746,0,24,32,11,1,specjbb,stream,100,20,175052.03,70249271.66741484,3696549.84809,3284.74892418,5726543.51026,3868432.67351,60185.2001758,0.0560095352337,0.0388345376367,,449.083667767,7875.45967833,158.775312806,66.740695163406,97.94854875120001,28.08793641278306,138.954047341,0.0379500543435,0.0389606301274,34.7964400271,33024.72795959774,53.4549120141,66.2606378771,32.255130778,64.535948103,18282829090.61293,330065340.2340658,153038373.6720597,46004420932.75297,456.9287912146759,55.82306777350529
rdt24_321111specjbbstream10030.sh,35280,31179.8678091,16128,7527.2,2714.82117503,0,15792,5391.21664627,2688,15792,11420.3618115,0,24,32,11,1,specjbb,stream,100,30,161093.59,66478667.36041279,3489632.02407,2487.22323543,5434546.399209999,3501855.8898,56103.5808834,0.05422715807999999,0.0386796961506,,403.489492512,6755.29619983,132.148973201,61.21402788518348,98.2117298385,17.88992677238523,141.240607665,0.0259400089049,0.03719180185480001,34.2233360718,31719.3027967896,53.7235833406,68.5664536028,36.9786102777,34.6857711142,20302783989.28681,335948263.8176502,157251977.221304,49465542167.63588,527.9437737850163,60.62426233129904
rdt24_321111specjbbstream10040.sh,35616,31337.1344743,18256,5313,1927.26687042,0,15904,5164.32273839,2464,15904,9322.46625917,0,24,32,11,1,specjbb,stream,100,40,107034.81,43129400.87708128,2160482.34385,2047.45065267,3495839.42663,2442957.01279,45215.1220961,0.044589629047,0.0326823422437,,283.938251481,6695.11232385,155.551490825,66.21823747687611,98.1107464578,22.26408449098584,155.016574841,0.0403811557058,0.064848960307,35.2149634264,31163.77700913287,53.7869359861,64.3496440497,41.9364233625,64.98941277770001,22738857199.23366,325105685.2562789,176030394.8209394,52032073010.92204,553.8514447470992,72.57732255359625
rdt24_321111specjbbstream10050.sh,35392,31389.7114914,19712,5176.7,1998.27762836,0,15680,5241.27139364,2688,15680,10129.2506112,0,24,32,11,1,specjbb,stream,100,50,110947.03,44541413.84390561,2319725.49737,1840.89909474,3617359.32238,2529071.87681,45048.2836056,0.04690394808180001,0.0333286353826,,283.56982777,6500.00409624,133.003433072,63.90273988020058,98.2049102057,21.07604889087705,140.251331323,0.04341526972900001,0.0641144636627,35.4649426818,29610.94431854864,54.0027702815,65.4534169208,46.21228646350001,52.6690589953,25207851233.95861,339000157.8910855,156258852.8895298,50265737138.63412,577.3376907772472,77.87694582759916
rdt24_321121specjbbstream10010.sh,34048,28896.6854345,19152,19299.9,9487.43671971,0,14672,7614.35495716,4144,14672,20169.7353733,0,24,32,11,2,specjbb,stream,100,10,554832.04,217103227.5511604,11736454.3235,11788.2236615,17772605.7125,11501093.5799,149211.111388,0.0867889019906,0.05759449294750001,,1459.38742442,6354.91783892,98.2980513194,70.56594182856546,97.59487590239999,0.002951450471529503,86.1436869075,0.0204779952047,0.0295962848028,34.1711036543,56354.18208416361,53.535633758,67.82263486810001,25.7447430622,70.2747419905,43804056329.01412,616371017.7715945,278653944.7448052,118578629776.4626,653.1879942966207,72.01391417085651
rdt24_321121specjbbstream100100.sh,32032,24827.7163814,17920,10979,4909.2891198,0,18928,12133.5158924,6048,18928,47466.006846,0,24,32,11,2,specjbb,stream,100,100,247517.77,73544211.84503458,4085489.94253,4374.69130327,5710176.46329,5580539.3037,81243.0771499,0.0401283926974,0.0281271222281,,376.995347288,6102.69874148,103.411481022,67.1925680979616,98.4189650908,71.26957316080059,82.9955657951,0.111220789483,0.1039541333,39.7154359834,93144.84285379737,52.3949997436,53.2348835756,41.4612491752,74.4210680276,240331179892.0638,1055051182.277824,455832654.2623025,213925089536.6329,758.179592455408,239.9037440881304
rdt24_321121specjbbstream10020.sh,33264,27910.1809291,17696,18098.9,8696.35110024,0,14672,8633.99511002,5040,14672,30279.2974328,0,24,32,11,2,specjbb,stream,100,20,471645.47,172164470.7338338,9184207.225,9377.25932561,13987952.1025,10297315.6161,142947.53821,0.066142901798,0.0444982092985,,917.668676462,5662.02574035,106.056518773,67.72629102665097,98.137174466,0.006380841714976725,94.01900514299999,0.0385469218603,0.048494887132,35.7522510632,72376.43376545809,52.9823002855,62.3128840641,27.8238856768,73.10666670239999,100232021043.9911,797740421.0545093,358887777.0742933,201991515710.6031,946.2374359757064,128.14954038677
rdt24_321121specjbbstream10030.sh,32928,26923.1823745,16464,12588.8,6272.35789474,0,17136,9959.6376989,5376,17136,42902.3220318,0,24,32,11,2,specjbb,stream,100,30,340428.26,114100277.1261474,6188929.55586,5748.56787098,9177493.586110001,7189534.99389,99739.69951189999,0.0495784604847,0.0341339102756,,633.3345638769999,5991.41632492,89.44951392370001,61.02875350489686,98.4842897509,2.732367107381406,108.994897289,0.0690698099289,0.0796356517372,36.2458854693,88865.10881190024,53.66041553060001,59.78808649680001,40.3645165083,59.91421543640001,200510669772.2552,992512975.4525985,431071592.9500864,216795356762.4721,822.2053101879013,208.8061906915083
rdt24_321121specjbbstream10040.sh,32368,25861.0464548,15120,12421.9,5232.78288509,0,17696,11096.6259169,5712,17696,47511.9085575,0,24,32,11,2,specjbb,stream,100,40,261062.65,78999109.20079158,4314609.053669999,5250.32961544,6156021.339930001,5970187.35647,87024.40845989999,0.0408370181688,0.0287313324343,,361.766003858,6194.77504672,90.23544981129999,67.18964033598147,98.3956116651,36.41343763409223,128.825175075,0.104070896917,0.0998117966024,39.5997070873,93848.48234113498,53.5227187911,53.4919564379,38.9208400044,74.4548100255,247344887002.795,1061213155.461708,452527707.6448126,216184643041.0521,765.889725552453,244.401088038435
rdt24_321121specjbbstream10050.sh,32144,25271.8826406,18480,12055.5,5196.82591687,0,18928,11584.0586797,6384,18928,47118.2232274,0,24,32,11,2,specjbb,stream,100,50,263174.17,79802466.81461728,4366628.69382,5145.29743204,6240137.9927,5942860.28492,83046.92468239999,0.0416109727301,0.0291661787699,,421.478689411,6776.34948445,99.9644388175,66.09390937783354,98.4235482256,49.1879550011402,170.008294582,0.108710250856,0.0939995432571,39.2864030654,93406.61772950426,52.8718774208,53.9715272159,40.1976313451,72.9724094863,242094492455.5974,1055010251.476912,447545262.4179465,214815218086.6948,762.1254822933544,239.2207475458535
rdt24_321131specjbbstream10010.sh,32816,26460.0684597,17360,22687,10124.2734719,0,16464,10159.9608802,5600,16464,20264.3341076,0,24,32,11,3,specjbb,stream,100,10,560999.54,221399759.4806476,11996885.1847,12414.2870922,18046993.5389,11645144.4344,156119.736042,0.0864556838152,0.0573718624775,,1282.51671417,5717.827405,112.736532192,70.55571466341235,97.31226352889999,0.002741781366723857,118.774134973,0.0177358974522,0.0280943416668,34.377085465,56067.94283509385,54.3430294705,68.7079111427,25.9378073435,71.0921239722,43391170135.7455,614561910.3510102,274611003.5767448,115739689624.6622,654.9249397068909,71.38069974175723
rdt24_321131specjbbstream100100.sh,30800,23351.1784841,16912,11427.3,5094.84633252,0,19936,13805.1638142,8288,19936,48205.78765280001,0,24,32,11,3,specjbb,stream,100,100,234036.33,65612836.29170581,3505958.83422,3380.03132471,5004071.70641,5436255.38961,73646.4245756,0.0376391018753,0.0263930739109,,376.101042695,6542.46706016,126.980330803,67.11606174457117,98.3735742122,70.39915203172164,129.49558026,0.111325320811,0.0960514123811,41.0007573726,94319.022542532,52.897459,50.0327078576,40.9125474835,74.6826848866,250282279110.2607,1066101881.700671,454079498.9606135,214452772283.1508,754.1390088047549,245.837555715063
rdt24_321131specjbbstream10020.sh,31024,25958.9130967,22064,16410.4,8855.6370869,0,15680,10910.4724602,6944,15680,30167.5168911,0,24,32,11,3,specjbb,stream,100,20,474815.6,167450536.2846601,8983672.188660001,9667.28150764,13528726.2502,10632158.627,137459.365112,0.0663626698549,0.0445533496767,,1004.59262302,6287.51639862,116.203590469,68.08626379914409,97.96351935950001,0.005432563383963865,149.282579656,0.0402410305516,0.048692982036,37.1484570436,72223.98719491702,53.6631461329,61.5948687778,27.9501195723,73.62813690029999,99134885718.63724,801567274.7794492,347654238.8024086,199523627145.5573,942.1635254689924,125.5145639947646
rdt24_321131specjbbstream10030.sh,29904,24358.9046455,18480,12651.8,6736.6698044,0,19824,12757.7310513,7840,19824,42678.8477995,0,24,32,11,3,specjbb,stream,100,30,336195.61,106397660.7802824,5845697.79261,6580.13805646,8488130.37767,7599730.41803,101363.694748,0.04955539727889999,0.0340028185765,,581.3728017369999,5645.28325429,90.05643496399999,60.40140900015935,98.4131380901,3.161736634890313,100.372819482,0.06594235940519999,0.07438546444130001,38.6193405735,89102.65859085662,53.0643713906,56.7543768927,40.1903096473,60.6223416664,202854719487.1821,996830427.2280133,426353059.5989146,216574218609.074,822.2524756101918,209.4404166747325
rdt24_321131specjbbstream10040.sh,29232,23394.5819071,12544,12513.4,5527.72628362,0,21728,13722.0537897,8288,21728,47236.7790954,0,24,32,11,3,specjbb,stream,100,40,256414.2,72851613.57429153,3895234.06698,5284.12938792,5598994.513019999,5945230.775359999,82132.31091960002,0.0402172707867,0.0281404062056,,407.782470373,6107.83349369,100.631187309,70.2419517939621,98.3324557777,36.48556837360231,95.0627222229,0.106582454444,0.100875699456,40.6509931947,93774.27795291404,52.5060993953,50.4349054792,38.8398970742,74.8024175157,248200453771.9153,1057984928.239417,449138862.5314478,216411971512.9013,765.5706580787962,244.836389476544
rdt24_321131specjbbstream10050.sh,30576,22778.8557457,15120,12063.2,5350.17836186,0,21504,14376.391198,8512,21504,47262.7125917,0,24,32,11,3,specjbb,stream,100,50,246546.99,69847409.2668587,3874169.67325,3816.07162898,5367445.66522,5981331.78511,76250.6075914,0.0399888749905,0.0280802261996,,488.725639066,5743.22720051,89.1159069154,65.27475125454454,98.3634895522,48.66599683047277,110.119236576,0.110468023138,0.102342600129,41.8543785326,93458.62245470675,52.4663801619,50.0143297835,40.1509136043,73.1078038073,244472996266.0853,1055278665.170468,447537203.3690881,215062675384.9037,763.419569394231,241.955650903259
rdt24_321141specjbbstream10010.sh,31024,24816.4308446,20944,17959.6,10500.9263158,0,18144,12212.9351285,7952,18144,20223.9039168,0,24,32,11,4,specjbb,stream,100,10,559971.8,226424954.5310387,11969329.0294,13214.6614631,18412521.3993,11745136.4063,174110.250273,0.08608426585699999,0.05768179909339999,,1171.58671882,6002.82444629,129.320919978,71.76914758123189,97.1952833458,0.002281413389951285,120.317157972,0.0212049431727,0.032038768146,34.4922235483,55771.97020147352,54.16578637529999,70.0851014989,26.1169532881,71.4854604169,42602282268.65073,612021572.4914553,274114815.1638684,113095394653.4385,644.3220036119914,70.62019455291906
rdt24_321141specjbbstream100100.sh,26768,21734.9828851,16016,11341.3,5488.9205379,0,22960,15615.9217604,10976,22960,48047.9442543,0,24,32,11,4,specjbb,stream,100,100,231084.42,60201626.68646589,3278320.36937,4449.38144279,4499834.42231,5806669.57801,72824.0904631,0.0383006538427,0.0269737416756,,327.820901016,6160.73056351,99.6298604434,66.24305883955402,98.2935066957,70.48672965835947,98.9935338062,0.119392956744,0.107299621134,44.2183544062,94299.22006605648,52.1159833092,46.1056809467,40.9674934531,74.9465277747,250681003197.5362,1068008653.679325,449762855.2781975,214061466253.1783,756.5855898677893,245.5999086852173
rdt24_321141specjbbstream10020.sh,29008,23982.5134474,15008,15031.8,9828.45122249,0,19040,13035.6772616,8960,19040,30080.5816626,0,24,32,11,4,specjbb,stream,100,20,476575.61,171749394.4174545,9121494.507410001,10413.3557192,13811669.3021,10651590.9148,147372.739258,0.0648725414587,0.0436197803912,,1024.00388438,5408.09501272,97.1277174023,69.0867467290865,97.76426157680001,0.002947396480499644,84.5132149743,0.0361307429512,0.0478534901989,37.0880468875,71962.99306763952,53.5389628147,62.6756918343,28.209804803,74.1457278244,98759102852.59633,792877424.0637871,346105162.4809166,199268440597.9904,934.7075744361237,125.9628907150103
rdt24_321141specjbbstream10030.sh,27776,21972.400978,16128,13491,7231.66369193,0,21280,15383.1589242,10080,21280,42632.8749389,0,24,32,11,4,specjbb,stream,100,30,337529.3,103621361.1401568,5785390.914890001,5835.15883319,8191005.54628,7707496.12058,95712.3867368,0.04948996893969999,0.0345339268209,,596.42381463,5015.64905736,77.7799596566,59.91168214536742,98.30374960399999,3.297473921980567,89.07563974700001,0.0647708745603,0.0678512111838,39.650265923,89136.05877226264,53.58182657779999,55.868841056,39.9007200152,60.59207606069999,204223028659.563,1000207449.95157,428878057.0670728,216705737671.4036,820.0136694421294,211.2228057355311
rdt24_321141specjbbstream10040.sh,27664,21036.9682152,15008,13186.7,5572.85880196,0,23408,16323.3838631,10976,23408,46602.1748166,0,24,32,11,4,specjbb,stream,100,40,245868.02,65926476.41473679,3606956.65375,4078.69135715,4973882.096480001,6031540.54269,75635.1621963,0.0387450886723,0.0279065357726,,349.486478152,5879.15946904,98.5366847308,66.62558508516683,98.2619743351,37.13104378798067,86.91803876450001,0.106660424602,0.107561161939,43.3126237046,92391.27539982928,53.2681279621,48.78266339970001,39.3542598459,74.8942982264,236466729976.9316,1046579403.938009,446201296.9210644,215235853978.7984,777.3853071430373,236.7471027519193
rdt24_321141specjbbstream10050.sh,29568,21533.9853301,15232,11921,5808.58618582,0,23072,15797.0660147,10304,23072,47329.2927873,0,24,32,11,4,specjbb,stream,100,50,244134.95,65389779.45602411,3587224.49577,4541.17265197,4936466.96412,6052112.96866,77154.3692783,0.0400086639291,0.0277225310628,,481.59029634,6028.07596468,109.339992987,64.34671918281371,98.2871322891,48.19647838206075,109.021072217,0.108488236581,0.103205771109,43.2986101756,93966.24027174996,52.9221833431,47.1885592525,39.9084757701,73.3688294199,248775460795.2895,1064156723.796389,451969084.6860613,215482493733.1311,764.0452701323787,245.3551603006699
